{
    "accuracy": 1.0,
    "precision": 0.0,
    "recall": 0.0,
    "f1_score": 0.0,
    "train_loss_history": [
        9.438427560777214e-05,
        9.145302128926127e-05
    ]
}