{
    "Cat": {
        "precision": 0.8819250139899273,
        "recall": 0.8405333333333334,
        "f1-score": 0.8607318405243036,
        "support": 1875.0
    },
    "Dog": {
        "precision": 0.847682119205298,
        "recall": 0.8874666666666666,
        "f1-score": 0.8671182907764461,
        "support": 1875.0
    },
    "accuracy": 0.864,
    "macro avg": {
        "precision": 0.8648035665976126,
        "recall": 0.864,
        "f1-score": 0.8639250656503749,
        "support": 3750.0
    },
    "weighted avg": {
        "precision": 0.8648035665976126,
        "recall": 0.864,
        "f1-score": 0.8639250656503747,
        "support": 3750.0
    }
}